<?xml version="1.0" encoding="UTF-8" standalone="yes"?>
<addon id="repository.xbmc-repo-openspa" name="OpenSPA XBMC Repo" version="1.0.0" provider-name="xbmc-repo-openspa">
		<extension point="xbmc.addon.repository" name="OpenSPA XBMC Repo">
			<info>http://github.com/OpenSpa/xbmc-repo-openspa/raw/master/addons.xml</info>
			<checksum>http://github.com/OpenSpa/xbmc-repo-openspa/raw/master/addons.xml.md5</checksum>
			<datadir zip="true">http://github.com/OpenSpa/xbmc-repo-openspa/raw/master/</datadir>
	</extension>
	<extension point="xbmc.addon.metadata">
			<summary>XBMC Addons by OpenSPA</summary>
			<description>Addons created and recopiled by OpenSPA.</description>
			<disclaimer>The owners and submitters to this repository do not host or distribute any of the content displayed by these addons nor do they have any affiliation with the content providers.</disclaimer>
			<platform>all</platform>
	</extension>
</addon>
