<addon id="repository.xbmc-repo-openspa" name="OpenSPA XBMC Repo" version="1.0.0" provider-name="xbmc-repo-openspa">
		<extension point="xbmc.addon.repository" name="OpenSPA XBMC Repo">
			<info compressed="false">http://downloads.openspa.info/xbmc/addons.xml</info>
			<checksum>http://downloads.openspa.info/xbmc/addons.xml.md5</checksum>
			<datadir zip="true">http://downloads.openspa.info/xbmc/</datadir>
	</extension>
	<extension point="xbmc.addon.metadata">
			<summary>XBMC Addons by OpenSPA</summary>
			<description>Addons created and recopiled by OpenSPA.</description>
			<disclaimer>The owners and submitters to this repository do not host or distribute any of the content displayed by these addons nor do they have any affiliation with the content providers.</disclaimer>
			<platform>all</platform>
	</extension>
</addon>
